{
    "phone": "123456",
    "zalo": "0328421191",
    "messenger": "https:\/\/www.facebook.com\/lehuuminhquan",
    "facebook": "https:\/\/www.facebook.com\/lehuuminhquan",
    "tiktok": "",
    "youtube": "",
    "featured_products": [
        435,
        424,
        415,
        410,
        361,
        355
    ],
    "featured_fish": [],
    "banners": [
        "1763918979_692344837aa00.webp",
        "1763918982_69234486ea5fe.jpg",
        "1763918986_6923448a8ae1c.jpg"
    ],
    "categories_order": [
        8,
        9,
        7,
        6,
        5,
        11,
        3,
        4,
        10
    ],
    "fish_categories_order": [
        2,
        1
    ]
}