{
    "categories_order": [
        1,
        2,
        9,
        8,
        7,
        6,
        5,
        11,
        3,
        4,
        10
    ],
    "banners": [
        "1763918979_692344837aa00.webp",
        "1763918982_69234486ea5fe.jpg",
        "1763918986_6923448a8ae1c.jpg"
    ],
    "phone": "123456",
    "zalo": "0328421191",
    "messenger": "https:\/\/www.facebook.com\/lehuuminhquan",
    "facebook": "https:\/\/www.facebook.com\/lehuuminhquan",
    "featured_products": []
}